"id","nombre","direccion","distrito","capacidad","estado"
1,"Centro Educativo Miguel Grau","Av. Túpac Amaru 5109","Magdalena del Mar",1700,"Activo"
2,"I.E. José Carlos Mariátegui","Av. La Marina 9161","San Martín de Porres",4450,"Activo"
3,"I.E. José María Arguedas","Av. Túpac Amaru 8286","Ate",2400,"Activo"
4,"Centro Educativo José Gálvez","Av. Arequipa 2771","Independencia",3050,"Activo"
5,"Universidad Nuestra Señora de Guadalupe","Av. La Marina 9910","La Molina",3950,"Activo"
6,"Instituto Leoncio Prado","Av. Abancay 2429","Miraflores",1250,"Activo"
7,"Instituto Ricardo Palma","Av. Aviación 1899","Puente Piedra",4950,"Activo"
8,"Centro Educativo José Quiñones","Av. Brasil 7481","Ancón",4150,"Activo"
9,"Instituto José Olaya","Av. Los Próceres 6513","Villa María del Triunfo",800,"Activo"
10,"Colegio César Vallejo","Av. Arequipa 4135","Rímac",3300,"Activo"
11,"Colegio José Carlos Mariátegui","Av. La Marina 8952","Breña",1650,"Activo"
12,"Universidad Andrés Avelino Cáceres","Av. Universitaria 4599","Barranco",1500,"Activo"
13,"Centro Educativo Alfonso Ugarte","Av. La Marina 8647","Miraflores",4900,"Activo"
14,"I.E. José Carlos Mariátegui","Av. Brasil 6909","Santa Anita",4900,"Activo"
15,"Instituto Andrés Avelino Cáceres","Av. Benavides 6105","Puente Piedra",2200,"Activo"
16,"Colegio Alfonso Ugarte","Av. Tomás Valle 2214","Breña",2950,"Activo"
17,"Colegio José Olaya","Av. Brasil 2859","Cieneguilla",700,"Activo"
18,"Colegio José Gálvez","Av. Arequipa 805","La Victoria",1400,"Activo"
19,"Centro Educativo Andrés Avelino Cáceres","Av. Universitaria 1870","Barranco",3750,"Activo"
20,"Centro Educativo Miguel Grau","Av. Tomás Valle 9565","Breña",2300,"Activo"
21,"Instituto Abraham Valdelomar","Av. Javier Prado 882","Villa María del Triunfo",3550,"Activo"
22,"Centro Educativo Leoncio Prado","Av. Benavides 7047","Carabayllo",3450,"Activo"
23,"Universidad Abraham Valdelomar","Av. Arequipa 5348","San Bartolo",1700,"Activo"
24,"Instituto Ricardo Palma","Av. Túpac Amaru 5461","La Victoria",3950,"Activo"
25,"Universidad Nuestra Señora de Guadalupe","Av. Los Próceres 3265","San Luis",4300,"Activo"
26,"Universidad Daniel Alcides Carrión","Av. Universitaria 8938","La Molina",2750,"Activo"
27,"Colegio José Faustino Sánchez Carrión","Av. Arequipa 7997","Lurigancho",1650,"Activo"
28,"Centro Educativo José Faustino Sánchez Carrión","Av. Brasil 943","Ate",2500,"Activo"
29,"Instituto Ricardo Palma","Av. Universitaria 3765","San Juan de Lurigancho",800,"Activo"
30,"Colegio José María Arguedas","Av. Próceres de la Independencia 3355","Chaclacayo",500,"Activo"
31,"Colegio San Martín","Av. Arequipa 1547","San Juan de Lurigancho",3100,"Activo"
32,"Centro Educativo José María Arguedas","Av. Arequipa 9530","Los Olivos",2150,"Activo"
33,"Instituto Víctor Raúl Haya de la Torre","Av. Arequipa 4635","Cieneguilla",2450,"Activo"
34,"Centro Educativo Santa Rosa","Av. Benavides 6774","San Luis",2550,"Activo"
35,"Centro Educativo José Olaya","Av. Túpac Amaru 671","San Isidro",4350,"Activo"
36,"I.E. San Martín","Av. Los Alisos 8393","San Borja",2950,"Activo"
37,"Instituto Daniel Alcides Carrión","Av. Brasil 995","San Bartolo",4550,"Activo"
38,"Centro Educativo Miguel Grau","Av. Túpac Amaru 2314","San Luis",1450,"Activo"
39,"I.E. Daniel Alcides Carrión","Av. Angamos 6735","Cieneguilla",1450,"Activo"
40,"Centro Educativo Túpac Amaru","Av. Abancay 1680","Comas",2300,"Activo"
41,"Colegio Alfonso Ugarte","Av. Tomás Valle 8679","Santiago de Surco",3550,"Activo"
42,"I.E. José Quiñones","Av. Arequipa 1198","Pueblo Libre",2800,"Activo"
43,"Universidad César Vallejo","Av. Arequipa 9688","Pueblo Libre",3950,"Activo"
44,"Colegio Alfonso Ugarte","Av. Angamos 2283","San Bartolo",1800,"Activo"
45,"Centro Educativo Alfonso Ugarte","Av. Brasil 282","La Molina",4550,"Inactivo"
46,"Centro Educativo Miguel Grau","Av. Abancay 4761","Independencia",3950,"Activo"
47,"Universidad Santa Rosa","Av. Arequipa 6440","San Luis",1400,"Activo"
48,"Centro Educativo José Olaya","Av. Los Próceres 7741","Ancón",3500,"Activo"
49,"Instituto José Carlos Mariátegui","Av. Brasil 7225","Breña",1000,"Activo"
50,"I.E. San Martín","Av. Los Próceres 7466","San Bartolo",1750,"Inactivo"
51,"I.E. Andrés Avelino Cáceres","Av. La Marina 4216","Punta Hermosa",2050,"Activo"
52,"Universidad José Carlos Mariátegui","Av. Arequipa 8840","La Molina",2750,"Activo"
53,"Centro Educativo Santa Rosa","Av. Abancay 3292","Breña",3400,"Activo"
54,"Centro Educativo José Carlos Mariátegui","Av. Túpac Amaru 5690","Rímac",2750,"Activo"
55,"I.E. Alfonso Ugarte","Av. Aviación 5958","San Bartolo",2300,"Activo"
56,"Instituto Nuestra Señora de Guadalupe","Av. Próceres de la Independencia 4298","Villa El Salvador",3600,"Activo"
57,"I.E. Túpac Amaru","Av. Los Alisos 9609","Villa El Salvador",1900,"Activo"
58,"Instituto Alfonso Ugarte","Av. Benavides 8162","Puente Piedra",4700,"Activo"
59,"I.E. Alfonso Ugarte","Av. Arequipa 9007","Magdalena del Mar",1850,"Activo"
60,"I.E. José María Arguedas","Av. Tomás Valle 947","La Molina",1900,"Activo"
61,"Instituto Santa Rosa","Av. La Marina 9659","Chorrillos",3050,"Activo"
62,"Centro Educativo Víctor Raúl Haya de la Torre","Av. Angamos 4559","Ancón",2550,"Activo"
63,"Instituto Leoncio Prado","Av. Tomás Valle 9558","Villa María del Triunfo",4550,"Activo"
64,"Centro Educativo José Quiñones","Av. Arequipa 2724","Ate",700,"Activo"
65,"Universidad Daniel Alcides Carrión","Av. Arequipa 5154","Barranco",2400,"Activo"
66,"I.E. José Carlos Mariátegui","Av. La Marina 3708","Lurín",2950,"Activo"
67,"Instituto Alfonso Ugarte","Av. Tomás Valle 989","Villa María del Triunfo",1100,"Activo"
68,"Universidad Santa Rosa","Av. Wiesse 3684","Lurigancho",2750,"Activo"
69,"I.E. Daniel Alcides Carrión","Av. Próceres de la Independencia 8236","La Molina",1250,"Activo"
70,"I.E. Víctor Raúl Haya de la Torre","Av. Los Próceres 2860","Lurigancho",3850,"Activo"
71,"Instituto Miguel Grau","Av. Los Próceres 4197","San Miguel",1000,"Activo"
72,"Centro Educativo César Vallejo","Av. Túpac Amaru 5537","Santa Rosa",2950,"Activo"
73,"I.E. Víctor Raúl Haya de la Torre","Av. Javier Prado 978","Pucusana",1900,"Inactivo"
74,"Universidad Andrés Avelino Cáceres","Av. Wiesse 2333","La Victoria",5000,"Activo"
75,"Instituto Santa Rosa","Av. Próceres de la Independencia 1665","San Juan de Lurigancho",2250,"Activo"
76,"I.E. Alfonso Ugarte","Av. Angamos 4500","La Victoria",1350,"Activo"
77,"Centro Educativo Leoncio Prado","Av. Wiesse 357","La Victoria",3850,"Activo"
78,"Centro Educativo Alfonso Ugarte","Av. Los Próceres 6816","Lurigancho",2900,"Inactivo"
79,"Instituto Santa Rosa","Av. Aviación 6993","La Victoria",2650,"Activo"
80,"Centro Educativo María Reiche","Av. Abancay 2343","Chorrillos",850,"Activo"
81,"Centro Educativo Nuestra Señora de Guadalupe","Av. Brasil 3502","San Juan de Lurigancho",5000,"Activo"
82,"I.E. José Carlos Mariátegui","Av. Los Próceres 3126","Puente Piedra",2200,"Activo"
83,"Colegio José María Arguedas","Av. La Marina 3938","Villa María del Triunfo",4750,"Activo"
84,"Instituto Daniel Alcides Carrión","Av. Brasil 5658","Ate",1850,"Activo"
85,"Universidad Leoncio Prado","Av. La Marina 9026","Comas",1600,"Activo"
86,"Centro Educativo Daniel Alcides Carrión","Av. Benavides 2508","San Juan de Miraflores",2350,"Activo"
87,"Universidad Ricardo Palma","Av. Tomás Valle 9695","Jesús María",3550,"Activo"
88,"Centro Educativo Daniel Alcides Carrión","Av. Túpac Amaru 4770","Barranco",4900,"Activo"
89,"I.E. José María Arguedas","Av. Benavides 2623","Santa Rosa",1450,"Activo"
90,"Universidad Alfonso Ugarte","Av. Aviación 2590","San Juan de Miraflores",2600,"Activo"
91,"Centro Educativo José Olaya","Av. Próceres de la Independencia 3864","Lurigancho",1900,"Activo"
92,"Colegio María Reiche","Av. Los Alisos 7229","Lurigancho",3150,"Activo"
93,"Instituto José Quiñones","Av. Arequipa 1455","Santa Anita",3550,"Activo"
94,"Colegio Andrés Avelino Cáceres","Av. Los Alisos 928","Lurín",1750,"Activo"
95,"I.E. José Quiñones","Av. Túpac Amaru 6366","Villa María del Triunfo",3600,"Activo"
96,"Instituto Miguel Grau","Av. Los Alisos 488","Breña",600,"Activo"
97,"Colegio Alfonso Ugarte","Av. Javier Prado 2405","Chorrillos",1950,"Activo"
98,"Instituto José Gálvez","Av. Aviación 5321","Pucusana",1400,"Activo"
99,"Centro Educativo San Martín","Av. Benavides 9977","Breña",3700,"Activo"
100,"Colegio San Martín","Av. Aviación 7532","Ancón",550,"Activo"
101,"Instituto Túpac Amaru","Av. Túpac Amaru 4339","Barranco",2950,"Activo"
102,"Centro Educativo José Gálvez","Av. Los Próceres 8041","Pucusana",2250,"Activo"
103,"Universidad San Martín","Av. Abancay 2483","Lima",3650,"Activo"
104,"I.E. José Faustino Sánchez Carrión","Av. La Marina 494","San Martín de Porres",2050,"Activo"
105,"I.E. José Quiñones","Av. Universitaria 621","Ancón",4350,"Activo"
106,"I.E. José María Arguedas","Av. Abancay 7642","El Agustino",3650,"Activo"
107,"I.E. José Gálvez","Av. Los Próceres 2715","Pucusana",1050,"Activo"
108,"I.E. César Vallejo","Av. Abancay 3959","San Juan de Lurigancho",2600,"Activo"
109,"Centro Educativo Túpac Amaru","Av. Universitaria 6786","Santa María del Mar",2800,"Activo"
110,"Instituto Túpac Amaru","Av. Brasil 2261","Magdalena del Mar",3950,"Activo"
111,"Universidad Ricardo Palma","Av. Abancay 3374","Punta Negra",3700,"Activo"
112,"Centro Educativo José María Arguedas","Av. Próceres de la Independencia 9646","San Juan de Lurigancho",3600,"Activo"
113,"Colegio Abraham Valdelomar","Av. Túpac Amaru 4119","Santiago de Surco",4300,"Activo"
114,"Instituto Abraham Valdelomar","Av. Universitaria 3658","La Victoria",1400,"Activo"
115,"Instituto Santa Rosa","Av. Angamos 1749","Lurín",1700,"Activo"
116,"I.E. Túpac Amaru","Av. Javier Prado 9187","Magdalena del Mar",1800,"Activo"
117,"Universidad José Quiñones","Av. Abancay 9677","Lurín",1700,"Activo"
118,"Colegio Túpac Amaru","Av. Angamos 4348","El Agustino",2050,"Activo"
119,"Colegio José Olaya","Av. Tomás Valle 7451","Miraflores",3900,"Activo"
120,"I.E. San Martín","Av. Aviación 8569","San Luis",800,"Activo"
121,"Colegio Túpac Amaru","Av. Benavides 2957","San Isidro",3550,"Activo"
122,"Universidad Ricardo Palma","Av. Universitaria 9917","San Luis",4450,"Activo"
123,"Colegio César Vallejo","Av. Los Próceres 6770","Ancón",1700,"Activo"
124,"Centro Educativo José Olaya","Av. Túpac Amaru 3370","Villa María del Triunfo",3250,"Activo"
125,"Colegio José María Arguedas","Av. Brasil 5597","Miraflores",3650,"Activo"
126,"Centro Educativo Andrés Avelino Cáceres","Av. Tomás Valle 3272","Lurigancho",3900,"Activo"
127,"Universidad Andrés Avelino Cáceres","Av. Arequipa 2565","San Luis",2650,"Activo"
128,"Centro Educativo Miguel Grau","Av. Aviación 6569","Miraflores",1250,"Activo"
129,"Colegio Nuestra Señora de Guadalupe","Av. Tomás Valle 3829","Lurigancho",4450,"Activo"
130,"Universidad Leoncio Prado","Av. Benavides 9649","Cieneguilla",1800,"Activo"
131,"Instituto María Reiche","Av. Aviación 477","Chorrillos",2800,"Activo"
132,"Instituto Leoncio Prado","Av. Wiesse 6380","Punta Negra",4600,"Activo"
133,"Instituto Daniel Alcides Carrión","Av. Wiesse 4568","Punta Negra",850,"Activo"
134,"Centro Educativo Andrés Avelino Cáceres","Av. Abancay 8968","Independencia",2800,"Activo"
135,"Colegio José María Arguedas","Av. Benavides 3601","San Miguel",1700,"Inactivo"
136,"Centro Educativo María Reiche","Av. Los Próceres 6445","Punta Hermosa",1400,"Activo"
137,"Instituto José Faustino Sánchez Carrión","Av. Los Alisos 2439","Lurín",1100,"Activo"
138,"Centro Educativo San Martín","Av. Angamos 1084","Breña",2100,"Activo"
139,"Colegio César Vallejo","Av. Tomás Valle 5337","San Bartolo",2150,"Inactivo"
140,"I.E. Ricardo Palma","Av. Túpac Amaru 3875","Chaclacayo",2200,"Activo"
141,"Centro Educativo César Vallejo","Av. Angamos 9999","Ate",4700,"Activo"
142,"Instituto José María Arguedas","Av. Aviación 6128","Chaclacayo",500,"Activo"
143,"Instituto María Reiche","Av. Tomás Valle 1473","Lima",850,"Activo"
144,"Instituto José Quiñones","Av. Los Alisos 6401","Chaclacayo",1550,"Activo"
145,"Universidad Alfonso Ugarte","Av. Próceres de la Independencia 4214","Los Olivos",2300,"Activo"
146,"Universidad María Reiche","Av. Los Próceres 7533","San Luis",4750,"Activo"
147,"I.E. San Martín","Av. Tomás Valle 4559","San Miguel",4800,"Activo"
148,"Centro Educativo Miguel Grau","Av. La Marina 246","Santiago de Surco",3100,"Activo"
149,"Instituto Víctor Raúl Haya de la Torre","Av. Benavides 8723","La Molina",4250,"Activo"
150,"Universidad César Vallejo","Av. Abancay 7800","Lince",4900,"Activo"
151,"Centro Educativo San Martín","Av. Brasil 7185","Villa María del Triunfo",1150,"Activo"
152,"Universidad Santa Rosa","Av. Abancay 8476","Surquillo",3700,"Activo"
153,"Centro Educativo Andrés Avelino Cáceres","Av. Universitaria 3785","Santa María del Mar",2450,"Activo"
154,"Universidad Leoncio Prado","Av. Aviación 7736","Comas",1950,"Activo"
155,"Universidad Santa Rosa","Av. Túpac Amaru 2967","San Martín de Porres",4900,"Activo"
156,"Centro Educativo José Quiñones","Av. Javier Prado 5645","Punta Hermosa",4850,"Activo"
157,"Colegio César Vallejo","Av. Aviación 9085","Santa Rosa",1250,"Activo"
158,"Universidad Ricardo Palma","Av. Aviación 6564","Breña",1100,"Activo"
159,"Universidad José Quiñones","Av. Brasil 6607","Lima",1300,"Activo"
160,"Instituto María Reiche","Av. Wiesse 4677","San Bartolo",850,"Activo"
161,"Colegio Víctor Raúl Haya de la Torre","Av. Angamos 6601","Barranco",3400,"Activo"
162,"Colegio San Martín","Av. Angamos 6091","Villa El Salvador",600,"Inactivo"
163,"Instituto José María Arguedas","Av. Los Alisos 1764","Lince",2100,"Activo"
164,"Universidad Abraham Valdelomar","Av. Aviación 4036","Pucusana",2450,"Activo"
165,"Instituto Santa Rosa","Av. Aviación 1923","Santa María del Mar",1250,"Activo"
166,"Centro Educativo Leoncio Prado","Av. Abancay 9741","Chaclacayo",1500,"Activo"
167,"I.E. Alfonso Ugarte","Av. Angamos 1387","Jesús María",4150,"Activo"
168,"Centro Educativo Túpac Amaru","Av. Arequipa 3025","Puente Piedra",2250,"Activo"
169,"Instituto Santa Rosa","Av. Túpac Amaru 5820","San Miguel",850,"Activo"
170,"Centro Educativo Víctor Raúl Haya de la Torre","Av. Los Alisos 3235","San Martín de Porres",4250,"Activo"
171,"Colegio San Martín","Av. Angamos 9431","San Juan de Lurigancho",1950,"Activo"
172,"Colegio Nuestra Señora de Guadalupe","Av. Tomás Valle 9236","La Victoria",1200,"Activo"
173,"Colegio Daniel Alcides Carrión","Av. Aviación 5035","Santa María del Mar",4150,"Activo"
174,"I.E. Miguel Grau","Av. Arequipa 3053","Miraflores",1350,"Activo"
175,"I.E. Nuestra Señora de Guadalupe","Av. Brasil 1443","Ate",2700,"Activo"
176,"Universidad José Faustino Sánchez Carrión","Av. La Marina 7541","Villa El Salvador",4500,"Activo"
177,"Colegio Nuestra Señora de Guadalupe","Av. Arequipa 8944","San Juan de Miraflores",4700,"Activo"
178,"Centro Educativo José Olaya","Av. Próceres de la Independencia 5111","Chaclacayo",3400,"Activo"
179,"I.E. Nuestra Señora de Guadalupe","Av. Tomás Valle 2436","San Isidro",4200,"Activo"
180,"Colegio Alfonso Ugarte","Av. Tomás Valle 339","Jesús María",1150,"Activo"
181,"I.E. Nuestra Señora de Guadalupe","Av. Wiesse 4975","La Victoria",2650,"Activo"
182,"Centro Educativo Santa Rosa","Av. Aviación 6055","Punta Hermosa",4200,"Activo"
183,"Centro Educativo Víctor Raúl Haya de la Torre","Av. Brasil 7673","Jesús María",4700,"Activo"
184,"Instituto Miguel Grau","Av. Arequipa 7751","San Miguel",4800,"Activo"
185,"Colegio Ricardo Palma","Av. Tomás Valle 5877","Puente Piedra",5000,"Activo"
186,"Colegio Abraham Valdelomar","Av. Tomás Valle 1597","La Victoria",4450,"Activo"
187,"Colegio Santa Rosa","Av. Javier Prado 8069","Jesús María",2600,"Activo"
188,"Instituto San Martín","Av. Wiesse 7502","Pucusana",4150,"Activo"
189,"I.E. Miguel Grau","Av. Angamos 1949","Pucusana",4250,"Activo"
190,"Instituto José Carlos Mariátegui","Av. Los Próceres 5528","El Agustino",3750,"Activo"
191,"Centro Educativo José Faustino Sánchez Carrión","Av. Los Próceres 6722","Miraflores",4150,"Inactivo"
192,"Colegio Nuestra Señora de Guadalupe","Av. Angamos 8730","Santa Anita",1300,"Activo"
193,"Universidad José Carlos Mariátegui","Av. Arequipa 6857","Pucusana",700,"Activo"
194,"Centro Educativo Túpac Amaru","Av. Benavides 5013","San Juan de Lurigancho",4050,"Activo"
195,"I.E. Nuestra Señora de Guadalupe","Av. Universitaria 2752","Chaclacayo",3250,"Activo"
196,"Colegio José Gálvez","Av. Angamos 9945","Barranco",3200,"Activo"
197,"Universidad José Gálvez","Av. Universitaria 8751","Jesús María",4850,"Inactivo"
198,"Instituto Alfonso Ugarte","Av. Wiesse 7703","Pachacámac",1600,"Activo"
199,"Centro Educativo Ricardo Palma","Av. Aviación 8458","Ate",4850,"Activo"
200,"Universidad Daniel Alcides Carrión","Av. Abancay 6423","Chaclacayo",5000,"Inactivo"
201,"Instituto Miguel Grau","Av. Los Próceres 5730","Surquillo",4600,"Activo"
202,"Colegio Andrés Avelino Cáceres","Av. Tomás Valle 1757","San Miguel",3300,"Activo"
203,"Centro Educativo César Vallejo","Av. Universitaria 804","San Bartolo",3350,"Activo"
204,"Instituto Nuestra Señora de Guadalupe","Av. Angamos 7355","Independencia",4300,"Activo"
205,"Colegio Santa Rosa","Av. Benavides 4046","San Luis",2200,"Activo"
206,"Centro Educativo Santa Rosa","Av. Brasil 7521","Magdalena del Mar",4450,"Activo"
207,"I.E. José Gálvez","Av. Próceres de la Independencia 7031","Pachacámac",1600,"Activo"
208,"I.E. César Vallejo","Av. Angamos 2662","Santa Anita",1350,"Activo"
209,"Colegio Santa Rosa","Av. Aviación 5687","Ate",1950,"Activo"
210,"Instituto César Vallejo","Av. Abancay 8886","Comas",1050,"Activo"
211,"Universidad José María Arguedas","Av. Tomás Valle 7286","Santa Rosa",500,"Activo"
212,"Centro Educativo Leoncio Prado","Av. Abancay 1772","Carabayllo",1800,"Activo"
213,"I.E. José Carlos Mariátegui","Av. Los Alisos 3896","Ancón",2850,"Activo"
214,"Centro Educativo José Faustino Sánchez Carrión","Av. Javier Prado 5830","Pueblo Libre",1350,"Activo"
215,"Colegio Víctor Raúl Haya de la Torre","Av. La Marina 795","Villa María del Triunfo",1900,"Activo"
216,"Universidad José Quiñones","Av. Los Próceres 8948","Pueblo Libre",600,"Activo"
217,"Universidad José María Arguedas","Av. Brasil 4611","Lurigancho",2950,"Activo"
218,"Instituto José María Arguedas","Av. Abancay 4438","Pueblo Libre",700,"Activo"
219,"I.E. Nuestra Señora de Guadalupe","Av. Javier Prado 3216","San Juan de Miraflores",3850,"Activo"
220,"Centro Educativo Túpac Amaru","Av. Angamos 8072","San Martín de Porres",2050,"Activo"
221,"Universidad Andrés Avelino Cáceres","Av. Túpac Amaru 341","Magdalena del Mar",1650,"Activo"
222,"I.E. José María Arguedas","Av. Abancay 6978","Breña",2900,"Activo"
223,"Colegio José Carlos Mariátegui","Av. Próceres de la Independencia 7699","Barranco",4450,"Activo"
224,"Colegio Andrés Avelino Cáceres","Av. Aviación 4242","Ate",4950,"Activo"
225,"Instituto Leoncio Prado","Av. Los Alisos 5796","Chaclacayo",4250,"Activo"
226,"Centro Educativo César Vallejo","Av. La Marina 3937","Puente Piedra",1750,"Activo"
227,"Universidad María Reiche","Av. Abancay 5902","San Martín de Porres",1300,"Inactivo"
228,"Centro Educativo Alfonso Ugarte","Av. Abancay 5932","Cieneguilla",1550,"Activo"
229,"Instituto Víctor Raúl Haya de la Torre","Av. Tomás Valle 5787","Ancón",2050,"Inactivo"
230,"Instituto César Vallejo","Av. Brasil 3717","Punta Hermosa",4400,"Activo"
231,"Instituto José Gálvez","Av. Javier Prado 6992","Villa El Salvador",1650,"Activo"
232,"Colegio Víctor Raúl Haya de la Torre","Av. Abancay 7484","Chaclacayo",1800,"Activo"
233,"Colegio Leoncio Prado","Av. Túpac Amaru 8828","La Victoria",1500,"Activo"
234,"Instituto José Olaya","Av. Arequipa 4753","San Isidro",2700,"Activo"
235,"Universidad José Carlos Mariátegui","Av. Javier Prado 6433","Chaclacayo",4450,"Activo"
236,"Instituto José Gálvez","Av. Aviación 438","Santa Anita",4800,"Activo"
237,"Instituto Túpac Amaru","Av. Wiesse 4707","San Juan de Lurigancho",3400,"Activo"
238,"Colegio José María Arguedas","Av. Arequipa 485","Rímac",1100,"Activo"
239,"I.E. San Martín","Av. Brasil 5853","San Borja",4950,"Activo"
240,"I.E. José María Arguedas","Av. Javier Prado 1980","Lince",800,"Activo"
241,"Centro Educativo Ricardo Palma","Av. Wiesse 7629","Breña",4650,"Activo"
242,"Centro Educativo José Faustino Sánchez Carrión","Av. Los Próceres 796","Magdalena del Mar",850,"Activo"
243,"Colegio Andrés Avelino Cáceres","Av. Javier Prado 8043","Surquillo",4500,"Activo"
244,"Colegio Andrés Avelino Cáceres","Av. Abancay 8788","Ate",700,"Activo"
245,"Colegio Miguel Grau","Av. Universitaria 9727","Jesús María",1500,"Activo"
246,"I.E. José Olaya","Av. Wiesse 358","San Juan de Miraflores",4400,"Activo"
247,"I.E. José Gálvez","Av. Universitaria 9134","Jesús María",4000,"Activo"
248,"I.E. Abraham Valdelomar","Av. Próceres de la Independencia 9345","Cieneguilla",4800,"Activo"
249,"Universidad Andrés Avelino Cáceres","Av. Universitaria 5170","Santiago de Surco",1350,"Activo"
250,"Colegio Miguel Grau","Av. Abancay 500","Punta Negra",4450,"Activo"
251,"Instituto César Vallejo","Av. Universitaria 7658","Comas",2450,"Activo"
252,"Universidad José Gálvez","Av. Javier Prado 6905","San Juan de Lurigancho",3800,"Activo"
253,"I.E. José Gálvez","Av. Túpac Amaru 2783","Punta Hermosa",950,"Activo"
254,"Universidad José Carlos Mariátegui","Av. Javier Prado 8665","Santa María del Mar",1300,"Activo"
255,"Centro Educativo César Vallejo","Av. Brasil 5952","Rímac",2950,"Activo"
256,"Colegio José Quiñones","Av. Abancay 4624","Punta Negra",3050,"Activo"
257,"Instituto José Carlos Mariátegui","Av. Wiesse 361","Comas",3350,"Activo"
258,"Colegio Abraham Valdelomar","Av. Javier Prado 2440","San Borja",1050,"Activo"
259,"Colegio Miguel Grau","Av. Abancay 8054","Lince",3400,"Activo"
260,"I.E. Miguel Grau","Av. Angamos 1016","Carabayllo",1850,"Activo"
261,"Universidad María Reiche","Av. Angamos 3111","Villa María del Triunfo",2500,"Activo"
262,"Universidad José Faustino Sánchez Carrión","Av. Los Próceres 419","Ate",4100,"Activo"
263,"I.E. José Olaya","Av. Tomás Valle 1924","La Molina",2650,"Inactivo"
264,"I.E. José Carlos Mariátegui","Av. Abancay 3418","Independencia",4450,"Activo"
265,"Universidad Ricardo Palma","Av. Próceres de la Independencia 2683","Santa Anita",4750,"Inactivo"
266,"Universidad Alfonso Ugarte","Av. Tomás Valle 1106","Puente Piedra",850,"Activo"
267,"Instituto José Gálvez","Av. Benavides 6284","Pachacámac",2400,"Activo"
268,"Centro Educativo Andrés Avelino Cáceres","Av. Los Próceres 2722","Carabayllo",1750,"Activo"
269,"Colegio José Carlos Mariátegui","Av. Brasil 1978","San Juan de Lurigancho",1150,"Activo"
270,"Instituto José Carlos Mariátegui","Av. Brasil 449","Rímac",1800,"Activo"
271,"Colegio Miguel Grau","Av. Benavides 8501","Puente Piedra",3000,"Activo"
272,"I.E. San Martín","Av. Wiesse 7715","Lurigancho",3150,"Inactivo"
273,"Universidad Andrés Avelino Cáceres","Av. Los Próceres 3227","Carabayllo",5000,"Activo"
274,"I.E. Daniel Alcides Carrión","Av. Túpac Amaru 1151","Rímac",2150,"Activo"
275,"I.E. César Vallejo","Av. Aviación 6150","Pueblo Libre",2150,"Activo"
276,"Centro Educativo Miguel Grau","Av. Próceres de la Independencia 1187","San Bartolo",2500,"Activo"
277,"Colegio José Quiñones","Av. Javier Prado 6495","Santa María del Mar",3500,"Activo"
278,"Colegio Nuestra Señora de Guadalupe","Av. Benavides 3818","Ancón",4600,"Activo"
279,"Instituto Víctor Raúl Haya de la Torre","Av. Túpac Amaru 3506","Ate",1100,"Activo"
280,"Colegio José Gálvez","Av. Angamos 8001","Miraflores",1200,"Activo"
281,"I.E. José Gálvez","Av. Túpac Amaru 2316","Punta Negra",4850,"Inactivo"
282,"Colegio Nuestra Señora de Guadalupe","Av. Universitaria 6990","Santiago de Surco",2400,"Activo"
283,"I.E. José Carlos Mariátegui","Av. Wiesse 8481","Carabayllo",2050,"Activo"
284,"Centro Educativo Túpac Amaru","Av. Brasil 8899","Los Olivos",2950,"Activo"
285,"Colegio Miguel Grau","Av. Universitaria 911","Independencia",1750,"Activo"
286,"Instituto Abraham Valdelomar","Av. Los Alisos 5207","Jesús María",1600,"Activo"
287,"I.E. César Vallejo","Av. Tomás Valle 5800","Magdalena del Mar",4900,"Activo"
288,"Centro Educativo Andrés Avelino Cáceres","Av. La Marina 7112","Villa María del Triunfo",4950,"Activo"
289,"I.E. José Gálvez","Av. Benavides 3071","Lurigancho",4050,"Activo"
290,"Colegio Alfonso Ugarte","Av. Abancay 144","Barranco",550,"Activo"
291,"Centro Educativo Leoncio Prado","Av. Brasil 9904","Magdalena del Mar",950,"Activo"
292,"I.E. José Carlos Mariátegui","Av. Próceres de la Independencia 8489","Magdalena del Mar",2750,"Activo"
293,"Colegio Miguel Grau","Av. Próceres de la Independencia 7760","Santiago de Surco",1500,"Activo"
294,"Instituto María Reiche","Av. Brasil 4820","Pucusana",2100,"Activo"
295,"Colegio José Carlos Mariátegui","Av. Abancay 3950","Santa Anita",4450,"Inactivo"
296,"Instituto José Quiñones","Av. Tomás Valle 7441","Santiago de Surco",4250,"Activo"
297,"Colegio Miguel Grau","Av. Benavides 9639","Lurigancho",2900,"Activo"
298,"Centro Educativo Alfonso Ugarte","Av. Abancay 2561","Breña",1950,"Activo"
299,"I.E. Ricardo Palma","Av. Brasil 2958","Ate",4900,"Activo"
300,"Colegio Daniel Alcides Carrión","Av. Benavides 836","Punta Hermosa",800,"Activo"
301,"I.E. Víctor Raúl Haya de la Torre","Av. La Marina 2365","Puente Piedra",4100,"Activo"
302,"Colegio Alfonso Ugarte","Av. La Marina 1259","Los Olivos",3800,"Activo"
303,"Centro Educativo Santa Rosa","Av. Universitaria 1529","Chaclacayo",4000,"Activo"
304,"Instituto José Olaya","Av. Abancay 5282","La Victoria",850,"Activo"
305,"Colegio José Gálvez","Av. Wiesse 2504","Lima",1250,"Activo"
306,"I.E. José Faustino Sánchez Carrión","Av. Los Alisos 5709","El Agustino",2000,"Activo"
307,"I.E. Santa Rosa","Av. Wiesse 3806","Carabayllo",1850,"Activo"
308,"Instituto Leoncio Prado","Av. Universitaria 5568","Los Olivos",4350,"Activo"
309,"Colegio José Olaya","Av. Abancay 3216","Lurín",3700,"Activo"
310,"Instituto Abraham Valdelomar","Av. La Marina 8149","Los Olivos",4800,"Activo"
311,"Universidad José María Arguedas","Av. Arequipa 3046","La Victoria",750,"Activo"
312,"Colegio Túpac Amaru","Av. Abancay 8434","La Molina",1200,"Activo"
313,"Universidad Víctor Raúl Haya de la Torre","Av. Arequipa 9823","Punta Negra",4850,"Activo"
314,"Universidad Nuestra Señora de Guadalupe","Av. Túpac Amaru 7914","Punta Hermosa",4950,"Activo"
315,"Centro Educativo Andrés Avelino Cáceres","Av. Próceres de la Independencia 119","El Agustino",1200,"Activo"
316,"Instituto Santa Rosa","Av. Los Alisos 8210","Lima",950,"Activo"
317,"I.E. José Gálvez","Av. Abancay 8810","Pachacámac",900,"Activo"
318,"Colegio Alfonso Ugarte","Av. Aviación 3212","Pucusana",1300,"Activo"
319,"Colegio Nuestra Señora de Guadalupe","Av. Los Próceres 1389","Surquillo",4700,"Activo"
320,"Centro Educativo José Olaya","Av. La Marina 1802","Surquillo",1700,"Activo"
321,"Universidad Abraham Valdelomar","Av. Angamos 2799","Lince",2000,"Activo"
322,"I.E. Leoncio Prado","Av. Angamos 8179","Pachacámac",3200,"Activo"
323,"I.E. Abraham Valdelomar","Av. La Marina 3228","Jesús María",2850,"Activo"
324,"Universidad César Vallejo","Av. Túpac Amaru 6966","Chorrillos",4350,"Inactivo"
325,"Colegio María Reiche","Av. Abancay 2193","Carabayllo",2550,"Activo"
326,"Colegio Túpac Amaru","Av. Benavides 8161","San Juan de Lurigancho",3450,"Activo"
327,"Centro Educativo Santa Rosa","Av. Universitaria 1983","Pachacámac",3100,"Activo"
328,"Instituto San Martín","Av. Angamos 6021","Santa Anita",3000,"Activo"
329,"Instituto José Faustino Sánchez Carrión","Av. La Marina 6167","Comas",4200,"Inactivo"
330,"Universidad Túpac Amaru","Av. Aviación 210","Lince",2900,"Inactivo"
331,"Centro Educativo Daniel Alcides Carrión","Av. Benavides 443","San Juan de Miraflores",600,"Activo"
332,"Colegio José Gálvez","Av. Abancay 5205","Pucusana",4650,"Activo"
333,"Instituto Ricardo Palma","Av. Abancay 3032","San Luis",3900,"Activo"
334,"Universidad Víctor Raúl Haya de la Torre","Av. Wiesse 6245","San Juan de Miraflores",4000,"Activo"
335,"Colegio Andrés Avelino Cáceres","Av. Tomás Valle 8972","Punta Negra",3400,"Activo"
336,"Instituto Abraham Valdelomar","Av. Próceres de la Independencia 1029","Lurigancho",1350,"Activo"
337,"Instituto Nuestra Señora de Guadalupe","Av. La Marina 6256","Punta Negra",4700,"Activo"
338,"Universidad Víctor Raúl Haya de la Torre","Av. Brasil 4413","Santa María del Mar",1150,"Activo"
339,"Instituto Nuestra Señora de Guadalupe","Av. Abancay 624","Barranco",500,"Activo"
340,"Centro Educativo Túpac Amaru","Av. Tomás Valle 6616","Rímac",1650,"Activo"
341,"Universidad San Martín","Av. Brasil 6045","Jesús María",4650,"Activo"
342,"Colegio Ricardo Palma","Av. Javier Prado 1189","Villa El Salvador",2050,"Activo"
343,"Colegio Andrés Avelino Cáceres","Av. Próceres de la Independencia 4844","Miraflores",3900,"Activo"
344,"Centro Educativo María Reiche","Av. Angamos 5826","Villa El Salvador",2150,"Activo"
345,"Centro Educativo María Reiche","Av. Tomás Valle 5316","Cieneguilla",1500,"Activo"
346,"Colegio Nuestra Señora de Guadalupe","Av. Túpac Amaru 7199","Chorrillos",2450,"Activo"
347,"I.E. José Faustino Sánchez Carrión","Av. Próceres de la Independencia 2518","Santa María del Mar",1950,"Activo"
348,"Instituto Santa Rosa","Av. Túpac Amaru 8819","Jesús María",1500,"Activo"
349,"I.E. Víctor Raúl Haya de la Torre","Av. Arequipa 6466","Los Olivos",1050,"Activo"
350,"Instituto José Faustino Sánchez Carrión","Av. Javier Prado 137","Barranco",3900,"Activo"
351,"I.E. Alfonso Ugarte","Av. Aviación 7616","La Victoria",2150,"Activo"
352,"Centro Educativo José María Arguedas","Av. Arequipa 4303","La Victoria",4400,"Activo"
353,"Centro Educativo Túpac Amaru","Av. La Marina 3754","Carabayllo",4800,"Activo"
354,"Colegio San Martín","Av. Túpac Amaru 6983","La Victoria",2700,"Activo"
355,"Centro Educativo Ricardo Palma","Av. Benavides 7910","Barranco",3350,"Activo"
356,"Instituto Miguel Grau","Av. Los Alisos 5733","Pachacámac",2350,"Activo"
357,"Colegio José Gálvez","Av. Los Alisos 1343","Comas",4800,"Activo"
358,"Colegio Andrés Avelino Cáceres","Av. Abancay 5266","Miraflores",4950,"Activo"
359,"Universidad Nuestra Señora de Guadalupe","Av. Túpac Amaru 3269","Santa Rosa",1850,"Activo"
360,"Centro Educativo Miguel Grau","Av. Brasil 4377","Magdalena del Mar",550,"Inactivo"
361,"Colegio José Carlos Mariátegui","Av. Brasil 8867","Breña",3450,"Activo"
362,"Instituto José Carlos Mariátegui","Av. Javier Prado 2200","Chaclacayo",1250,"Activo"
363,"Centro Educativo Nuestra Señora de Guadalupe","Av. Universitaria 2089","Comas",1450,"Activo"
364,"I.E. Abraham Valdelomar","Av. Wiesse 1267","Los Olivos",950,"Activo"
365,"Universidad Nuestra Señora de Guadalupe","Av. Los Próceres 9804","Los Olivos",3850,"Activo"
366,"Centro Educativo Miguel Grau","Av. Aviación 8968","San Isidro",1450,"Activo"
367,"Centro Educativo José Gálvez","Av. Universitaria 8385","Villa El Salvador",950,"Inactivo"
368,"Centro Educativo Alfonso Ugarte","Av. Angamos 5910","Pueblo Libre",600,"Activo"
369,"Centro Educativo Andrés Avelino Cáceres","Av. Arequipa 8073","Santa Rosa",900,"Activo"
370,"Instituto Abraham Valdelomar","Av. Brasil 3763","San Luis",1350,"Activo"
371,"I.E. Andrés Avelino Cáceres","Av. Aviación 5683","Lince",1850,"Activo"
372,"I.E. Alfonso Ugarte","Av. Aviación 4777","El Agustino",4400,"Activo"
373,"Colegio Andrés Avelino Cáceres","Av. Arequipa 6990","Puente Piedra",1650,"Activo"
374,"Colegio César Vallejo","Av. Tomás Valle 2653","San Juan de Miraflores",4900,"Activo"
375,"Universidad María Reiche","Av. Aviación 7689","San Borja",2950,"Activo"
376,"Centro Educativo San Martín","Av. Aviación 9644","Villa María del Triunfo",2000,"Activo"
377,"Instituto Andrés Avelino Cáceres","Av. Wiesse 8301","Punta Negra",4950,"Activo"
378,"Colegio José Olaya","Av. Brasil 986","Santa María del Mar",850,"Inactivo"
379,"I.E. Leoncio Prado","Av. Los Próceres 1036","Breña",2500,"Activo"
380,"I.E. San Martín","Av. Aviación 3658","Comas",3550,"Activo"
381,"I.E. Alfonso Ugarte","Av. Túpac Amaru 3756","Villa María del Triunfo",3550,"Activo"
382,"I.E. José Carlos Mariátegui","Av. Túpac Amaru 4790","Lurín",3850,"Activo"
383,"Centro Educativo Alfonso Ugarte","Av. Wiesse 1098","Punta Negra",3800,"Activo"
384,"Colegio José Carlos Mariátegui","Av. Los Alisos 4361","Los Olivos",3900,"Activo"
385,"Instituto Túpac Amaru","Av. Los Alisos 5730","Lima",3650,"Activo"
386,"Colegio Víctor Raúl Haya de la Torre","Av. Los Alisos 3355","La Victoria",1550,"Activo"
387,"Instituto Abraham Valdelomar","Av. Arequipa 6656","Independencia",3600,"Activo"
388,"Colegio José Gálvez","Av. La Marina 4529","Villa María del Triunfo",800,"Activo"
389,"Centro Educativo Víctor Raúl Haya de la Torre","Av. Benavides 2559","Breña",1650,"Activo"
390,"Colegio Alfonso Ugarte","Av. Universitaria 3382","Pueblo Libre",3700,"Activo"
391,"I.E. José Gálvez","Av. Tomás Valle 6573","Magdalena del Mar",3450,"Activo"
392,"Universidad Miguel Grau","Av. Abancay 8926","Puente Piedra",3150,"Activo"
393,"Colegio Leoncio Prado","Av. Próceres de la Independencia 2560","Comas",1550,"Activo"
394,"Colegio José Olaya","Av. Los Alisos 8281","Lurigancho",4050,"Activo"
395,"Universidad José María Arguedas","Av. Javier Prado 7224","La Molina",2700,"Activo"
396,"I.E. Abraham Valdelomar","Av. Los Próceres 4012","La Victoria",3400,"Activo"
397,"I.E. San Martín","Av. Arequipa 8486","Cieneguilla",950,"Activo"
398,"Colegio César Vallejo","Av. Brasil 6332","Magdalena del Mar",1300,"Activo"
399,"Instituto Alfonso Ugarte","Av. Tomás Valle 908","Santa María del Mar",1700,"Activo"
400,"I.E. Leoncio Prado","Av. Tomás Valle 3953","Comas",2950,"Activo"
401,"Instituto San Martín","Av. La Marina 3487","Lince",2700,"Activo"
402,"Instituto Ricardo Palma","Av. Wiesse 9854","Pucusana",3200,"Activo"
403,"I.E. José María Arguedas","Av. Javier Prado 1087","Santa Anita",1300,"Inactivo"
404,"Universidad Abraham Valdelomar","Av. La Marina 492","Comas",500,"Activo"
405,"I.E. Alfonso Ugarte","Av. Túpac Amaru 751","Jesús María",1750,"Activo"
406,"I.E. Leoncio Prado","Av. Aviación 6534","Chaclacayo",1050,"Activo"
407,"I.E. José Gálvez","Av. Brasil 4497","Punta Hermosa",3600,"Activo"
408,"Colegio César Vallejo","Av. Universitaria 5699","El Agustino",850,"Activo"
409,"Colegio Andrés Avelino Cáceres","Av. Angamos 7220","La Molina",1250,"Activo"
410,"Instituto María Reiche","Av. Próceres de la Independencia 4918","Ate",2250,"Activo"
411,"Universidad Ricardo Palma","Av. Benavides 9752","San Martín de Porres",2300,"Activo"
412,"Universidad José Gálvez","Av. Arequipa 3448","Santa Anita",2250,"Activo"
413,"Colegio Leoncio Prado","Av. Próceres de la Independencia 4959","Puente Piedra",550,"Activo"
414,"Instituto Miguel Grau","Av. Universitaria 3410","Villa El Salvador",2450,"Activo"
415,"Universidad José María Arguedas","Av. Benavides 2571","Barranco",1500,"Activo"
416,"Universidad César Vallejo","Av. Wiesse 9088","Jesús María",2700,"Activo"
417,"Colegio Daniel Alcides Carrión","Av. Tomás Valle 5762","Pachacámac",2100,"Activo"
418,"I.E. Miguel Grau","Av. Abancay 1300","San Isidro",4800,"Activo"
419,"Colegio José Gálvez","Av. Javier Prado 6086","Carabayllo",4150,"Activo"
420,"I.E. José María Arguedas","Av. Angamos 1610","Pucusana",3150,"Activo"
421,"Centro Educativo Andrés Avelino Cáceres","Av. Próceres de la Independencia 4701","San Bartolo",1500,"Activo"
422,"I.E. Alfonso Ugarte","Av. Túpac Amaru 5185","Miraflores",600,"Activo"
423,"Centro Educativo Nuestra Señora de Guadalupe","Av. Aviación 8896","Pucusana",4000,"Activo"
424,"I.E. José Gálvez","Av. Brasil 4781","Santa Anita",1400,"Activo"
425,"Colegio Nuestra Señora de Guadalupe","Av. Tomás Valle 3136","Chaclacayo",1200,"Activo"
426,"Centro Educativo César Vallejo","Av. Tomás Valle 1335","Chaclacayo",4350,"Activo"
427,"Colegio César Vallejo","Av. Angamos 3254","Surquillo",4400,"Activo"
428,"Centro Educativo José Olaya","Av. Benavides 4759","Punta Hermosa",1450,"Activo"
429,"I.E. Víctor Raúl Haya de la Torre","Av. Tomás Valle 9350","Lince",1100,"Activo"
430,"Instituto Nuestra Señora de Guadalupe","Av. Abancay 5238","Pueblo Libre",3400,"Activo"
431,"Universidad Abraham Valdelomar","Av. Los Próceres 9858","Santiago de Surco",2950,"Activo"
432,"Colegio Túpac Amaru","Av. La Marina 3888","Santa Anita",2700,"Activo"
433,"Centro Educativo José María Arguedas","Av. Benavides 5562","Lurín",2900,"Activo"
434,"Centro Educativo San Martín","Av. Aviación 9015","El Agustino",2200,"Activo"
435,"Instituto Miguel Grau","Av. Angamos 1938","Comas",850,"Activo"
436,"Colegio Leoncio Prado","Av. Brasil 2448","Surquillo",1600,"Activo"
437,"Centro Educativo Ricardo Palma","Av. Javier Prado 1511","Surquillo",3250,"Activo"
438,"Instituto José Olaya","Av. Próceres de la Independencia 3372","Comas",3850,"Activo"
439,"Instituto Víctor Raúl Haya de la Torre","Av. Los Próceres 2157","Punta Negra",2500,"Activo"
440,"I.E. César Vallejo","Av. Angamos 5606","Lince",4800,"Activo"
441,"Instituto Túpac Amaru","Av. Arequipa 9168","Carabayllo",1200,"Activo"
442,"Instituto Víctor Raúl Haya de la Torre","Av. Abancay 8081","Santa Rosa",2550,"Activo"
443,"Universidad Leoncio Prado","Av. Angamos 9314","Jesús María",4950,"Activo"
444,"I.E. Leoncio Prado","Av. Tomás Valle 1279","Lince",2750,"Activo"
445,"Colegio Víctor Raúl Haya de la Torre","Av. La Marina 7213","Jesús María",1700,"Activo"
446,"I.E. Andrés Avelino Cáceres","Av. Los Alisos 5764","Punta Hermosa",2800,"Activo"
447,"Instituto Alfonso Ugarte","Av. Benavides 3213","Lince",3050,"Activo"
448,"I.E. José Gálvez","Av. Arequipa 9531","San Borja",2750,"Inactivo"
449,"Centro Educativo José María Arguedas","Av. Arequipa 8996","Lince",4700,"Activo"
450,"Colegio Alfonso Ugarte","Av. La Marina 8907","La Victoria",4850,"Activo"
451,"Colegio Abraham Valdelomar","Av. Tomás Valle 6247","Cieneguilla",2150,"Activo"
452,"Instituto Santa Rosa","Av. Wiesse 4539","Independencia",4700,"Activo"
453,"Centro Educativo Ricardo Palma","Av. Wiesse 8495","La Molina",600,"Activo"
454,"Centro Educativo César Vallejo","Av. Próceres de la Independencia 8142","Independencia",1100,"Activo"
455,"Universidad José Olaya","Av. Tomás Valle 479","San Borja",2000,"Inactivo"
456,"Colegio José Gálvez","Av. Abancay 2669","Comas",3000,"Activo"
457,"Centro Educativo Daniel Alcides Carrión","Av. Próceres de la Independencia 3876","Chorrillos",3900,"Activo"
458,"Centro Educativo San Martín","Av. Angamos 4202","Santiago de Surco",4000,"Inactivo"
459,"Instituto José María Arguedas","Av. La Marina 6277","Lurigancho",2900,"Activo"
460,"Colegio Nuestra Señora de Guadalupe","Av. Universitaria 1463","Barranco",1100,"Activo"
461,"Instituto San Martín","Av. Los Próceres 967","Carabayllo",3800,"Activo"
462,"I.E. Daniel Alcides Carrión","Av. Brasil 5184","Breña",1200,"Activo"
463,"Centro Educativo Víctor Raúl Haya de la Torre","Av. Los Próceres 3439","San Borja",3850,"Activo"
464,"Universidad Túpac Amaru","Av. Aviación 6705","Independencia",2150,"Activo"
465,"I.E. Santa Rosa","Av. Abancay 8372","Los Olivos",2600,"Activo"
466,"Colegio Miguel Grau","Av. Aviación 715","Santa Anita",1350,"Activo"
467,"Universidad San Martín","Av. Túpac Amaru 2550","Lima",800,"Activo"
468,"Instituto Abraham Valdelomar","Av. Universitaria 6832","Lince",1600,"Activo"
469,"Centro Educativo Nuestra Señora de Guadalupe","Av. Javier Prado 247","San Juan de Miraflores",1300,"Inactivo"
470,"Universidad Ricardo Palma","Av. Los Próceres 9860","Punta Hermosa",3100,"Activo"
471,"I.E. Santa Rosa","Av. Abancay 4116","Lince",1900,"Activo"
472,"Colegio Túpac Amaru","Av. Angamos 6373","Santa Rosa",3000,"Activo"
473,"Centro Educativo José Faustino Sánchez Carrión","Av. Wiesse 359","Villa El Salvador",1100,"Activo"
474,"I.E. San Martín","Av. Túpac Amaru 8266","Comas",4700,"Activo"
475,"Centro Educativo Miguel Grau","Av. Los Próceres 4056","Comas",2900,"Activo"
476,"Colegio César Vallejo","Av. Benavides 6678","Punta Negra",650,"Activo"
477,"Universidad José María Arguedas","Av. Abancay 4016","Punta Hermosa",3800,"Activo"
478,"Universidad Daniel Alcides Carrión","Av. Tomás Valle 1159","La Victoria",3100,"Activo"
479,"Instituto Ricardo Palma","Av. Aviación 3450","Pucusana",2450,"Activo"
480,"Instituto Nuestra Señora de Guadalupe","Av. Wiesse 7766","Punta Hermosa",2250,"Activo"
481,"Centro Educativo Víctor Raúl Haya de la Torre","Av. Universitaria 6703","Ancón",2150,"Activo"
482,"Colegio Túpac Amaru","Av. Próceres de la Independencia 5361","Punta Negra",500,"Activo"
483,"I.E. San Martín","Av. Wiesse 8530","La Victoria",3850,"Activo"
484,"Instituto San Martín","Av. Tomás Valle 5281","Surquillo",3500,"Activo"
485,"I.E. Alfonso Ugarte","Av. Túpac Amaru 3977","La Victoria",4100,"Activo"
486,"Instituto Miguel Grau","Av. Benavides 7397","Los Olivos",3200,"Activo"
487,"Instituto Daniel Alcides Carrión","Av. Angamos 6055","Magdalena del Mar",2100,"Activo"
488,"Centro Educativo Túpac Amaru","Av. Benavides 4922","Lurín",2650,"Activo"
489,"I.E. José María Arguedas","Av. Tomás Valle 3020","Ate",1200,"Activo"
490,"Instituto José Carlos Mariátegui","Av. Brasil 3024","Punta Hermosa",4750,"Activo"
491,"Instituto César Vallejo","Av. Wiesse 2027","San Martín de Porres",3250,"Activo"
492,"Centro Educativo José Olaya","Av. La Marina 1860","Carabayllo",2350,"Activo"
493,"Centro Educativo José Olaya","Av. Brasil 2168","Carabayllo",1600,"Inactivo"
494,"Colegio José María Arguedas","Av. Próceres de la Independencia 4618","Ate",3250,"Inactivo"
495,"Colegio César Vallejo","Av. Angamos 551","Carabayllo",900,"Activo"
496,"Universidad Miguel Grau","Av. Abancay 7377","Barranco",2900,"Activo"
497,"Universidad Andrés Avelino Cáceres","Av. Javier Prado 9638","San Martín de Porres",3050,"Activo"
498,"I.E. José Gálvez","Av. Túpac Amaru 2421","La Molina",1250,"Activo"
499,"Instituto Túpac Amaru","Av. Próceres de la Independencia 8940","San Borja",1850,"Activo"
500,"Instituto José Carlos Mariátegui","Av. Abancay 2831","Santa María del Mar",2800,"Activo"
501,"Centro Educativo José Olaya","Av. Los Próceres 231","San Isidro",1750,"Activo"
502,"I.E. Leoncio Prado","Av. Arequipa 7013","Comas",2100,"Activo"
503,"Centro Educativo José Quiñones","Av. Abancay 3505","Punta Negra",3400,"Activo"
504,"Centro Educativo Miguel Grau","Av. Abancay 4049","Breña",4800,"Activo"
505,"Centro Educativo José Faustino Sánchez Carrión","Av. Wiesse 7164","Ancón",3950,"Activo"
506,"Universidad Andrés Avelino Cáceres","Av. Tomás Valle 8963","Carabayllo",3500,"Inactivo"
507,"Instituto José Quiñones","Av. Tomás Valle 6252","Los Olivos",4750,"Activo"
508,"Universidad Andrés Avelino Cáceres","Av. Próceres de la Independencia 8373","Pucusana",2150,"Activo"
509,"Colegio Túpac Amaru","Av. Aviación 3819","Punta Negra",2700,"Activo"
510,"Colegio Alfonso Ugarte","Av. Túpac Amaru 9863","Chorrillos",1850,"Activo"
511,"Colegio Andrés Avelino Cáceres","Av. Universitaria 3020","Pachacámac",2450,"Inactivo"
512,"I.E. Nuestra Señora de Guadalupe","Av. Universitaria 4092","Santa Rosa",1650,"Activo"
513,"Colegio María Reiche","Av. Wiesse 634","Barranco",1050,"Activo"
514,"Centro Educativo Santa Rosa","Av. La Marina 713","El Agustino",1100,"Activo"
515,"Colegio José Olaya","Av. La Marina 3448","San Miguel",4700,"Activo"
516,"I.E. Leoncio Prado","Av. Tomás Valle 4084","Comas",800,"Activo"
517,"Centro Educativo Leoncio Prado","Av. Angamos 759","Puente Piedra",4600,"Activo"
518,"I.E. Alfonso Ugarte","Av. Wiesse 8479","Miraflores",3050,"Activo"
519,"Universidad Ricardo Palma","Av. Arequipa 6025","Punta Negra",2250,"Activo"
520,"Centro Educativo Miguel Grau","Av. Abancay 8314","Santa Rosa",1100,"Activo"
521,"I.E. Andrés Avelino Cáceres","Av. La Marina 9238","Santa Rosa",4650,"Activo"
522,"Universidad Túpac Amaru","Av. Aviación 3898","Chaclacayo",2650,"Activo"
523,"Colegio Daniel Alcides Carrión","Av. Aviación 8448","Punta Negra",4100,"Activo"
524,"Instituto José Gálvez","Av. Arequipa 5658","Surquillo",4450,"Activo"
525,"Colegio Andrés Avelino Cáceres","Av. Brasil 4758","Los Olivos",3750,"Activo"
526,"I.E. José Quiñones","Av. Universitaria 3407","San Juan de Lurigancho",3350,"Activo"
527,"I.E. José Quiñones","Av. Arequipa 8139","San Juan de Lurigancho",2550,"Activo"
528,"Colegio Víctor Raúl Haya de la Torre","Av. Próceres de la Independencia 4622","San Bartolo",2000,"Activo"
529,"Universidad José Olaya","Av. Javier Prado 3805","La Molina",2100,"Activo"
530,"Centro Educativo Abraham Valdelomar","Av. Abancay 1637","Miraflores",3500,"Activo"
531,"Universidad José Faustino Sánchez Carrión","Av. Túpac Amaru 1175","Chaclacayo",3000,"Activo"
532,"Universidad José Faustino Sánchez Carrión","Av. Javier Prado 4918","Lurín",1050,"Activo"
533,"I.E. César Vallejo","Av. Tomás Valle 9729","Santa María del Mar",1950,"Activo"
534,"Centro Educativo Santa Rosa","Av. Túpac Amaru 7733","Surquillo",3800,"Inactivo"
535,"Centro Educativo Nuestra Señora de Guadalupe","Av. Los Alisos 8173","Ate",1400,"Activo"
536,"I.E. Túpac Amaru","Av. La Marina 5794","Independencia",2550,"Activo"
537,"Instituto José Carlos Mariátegui","Av. Próceres de la Independencia 6684","Ate",1650,"Activo"
538,"Universidad José Olaya","Av. Angamos 6871","Ancón",2200,"Activo"
539,"Colegio Alfonso Ugarte","Av. Benavides 7206","Independencia",3250,"Activo"
540,"Colegio José Olaya","Av. Tomás Valle 4600","San Luis",1450,"Activo"
541,"Universidad Víctor Raúl Haya de la Torre","Av. Túpac Amaru 709","Surquillo",3850,"Activo"
542,"Centro Educativo Víctor Raúl Haya de la Torre","Av. Próceres de la Independencia 9502","San Luis",2700,"Activo"
543,"Centro Educativo César Vallejo","Av. Universitaria 2419","Rímac",3800,"Activo"
544,"Instituto César Vallejo","Av. Brasil 2538","Punta Hermosa",2550,"Activo"
545,"Universidad Túpac Amaru","Av. Benavides 7281","Santa Anita",2300,"Activo"
546,"Instituto San Martín","Av. Aviación 2562","Lurigancho",850,"Activo"
547,"Centro Educativo Alfonso Ugarte","Av. Angamos 7409","Puente Piedra",2700,"Activo"
548,"Colegio Alfonso Ugarte","Av. Arequipa 4887","Barranco",3200,"Activo"
549,"Universidad Santa Rosa","Av. La Marina 1926","Puente Piedra",4450,"Activo"
550,"Instituto Nuestra Señora de Guadalupe","Av. Brasil 8188","Puente Piedra",950,"Inactivo"
551,"Centro Educativo César Vallejo","Av. Benavides 7330","Miraflores",3050,"Activo"
552,"Instituto San Martín","Av. Abancay 8458","La Molina",2650,"Activo"
553,"Colegio Víctor Raúl Haya de la Torre","Av. Brasil 2693","Pucusana",2150,"Activo"
554,"Universidad Túpac Amaru","Av. Los Próceres 7975","San Bartolo",1550,"Activo"
555,"Centro Educativo Leoncio Prado","Av. Benavides 597","Puente Piedra",2300,"Activo"
556,"Instituto Andrés Avelino Cáceres","Av. Tomás Valle 9152","Barranco",3200,"Activo"
557,"Universidad María Reiche","Av. Túpac Amaru 393","Villa El Salvador",3500,"Activo"
558,"Instituto José Carlos Mariátegui","Av. Universitaria 8504","Lurigancho",3400,"Activo"
559,"Centro Educativo San Martín","Av. Angamos 6960","Puente Piedra",800,"Activo"
560,"Colegio Alfonso Ugarte","Av. Javier Prado 6600","San Juan de Miraflores",3800,"Activo"
561,"I.E. Alfonso Ugarte","Av. Abancay 144","Chorrillos",2050,"Activo"
562,"Colegio Túpac Amaru","Av. Wiesse 3927","Comas",3550,"Activo"
563,"Universidad Leoncio Prado","Av. Angamos 7214","Lurín",1450,"Activo"
564,"Instituto José Gálvez","Av. Brasil 4371","Santa Rosa",2450,"Inactivo"
565,"Centro Educativo Santa Rosa","Av. Wiesse 5410","Los Olivos",1800,"Activo"
566,"Universidad Santa Rosa","Av. Wiesse 9140","Chorrillos",1600,"Activo"
567,"Instituto San Martín","Av. Los Alisos 4641","La Victoria",1900,"Activo"
568,"I.E. Santa Rosa","Av. Angamos 7514","Pueblo Libre",3400,"Activo"
569,"Instituto José Olaya","Av. Arequipa 3711","San Isidro",2800,"Activo"
570,"Centro Educativo José Carlos Mariátegui","Av. Túpac Amaru 8770","Santa María del Mar",4100,"Activo"
571,"Centro Educativo Santa Rosa","Av. Wiesse 5988","Lince",2500,"Activo"
572,"Instituto Alfonso Ugarte","Av. Tomás Valle 7063","Lurín",1250,"Activo"
573,"Centro Educativo José Olaya","Av. Javier Prado 5933","San Borja",4950,"Activo"
574,"Instituto Santa Rosa","Av. Próceres de la Independencia 3956","Puente Piedra",4100,"Activo"
575,"Centro Educativo Daniel Alcides Carrión","Av. Javier Prado 6500","Ate",2750,"Activo"
576,"I.E. Túpac Amaru","Av. Abancay 6816","Lurigancho",1700,"Activo"
577,"Universidad Nuestra Señora de Guadalupe","Av. Benavides 3878","Lince",3050,"Activo"
578,"Centro Educativo Daniel Alcides Carrión","Av. Los Alisos 8123","Santa María del Mar",3550,"Activo"
579,"Colegio José María Arguedas","Av. La Marina 4786","San Juan de Miraflores",1150,"Activo"
580,"I.E. Abraham Valdelomar","Av. Abancay 1497","San Borja",3750,"Activo"
581,"Universidad José Olaya","Av. Abancay 6206","Punta Hermosa",2500,"Activo"
582,"Instituto Ricardo Palma","Av. La Marina 1553","Santa Rosa",1550,"Inactivo"
583,"Colegio Andrés Avelino Cáceres","Av. Los Próceres 5329","Ate",2400,"Activo"
584,"Centro Educativo Andrés Avelino Cáceres","Av. Los Próceres 6899","Breña",2150,"Activo"
585,"Instituto Nuestra Señora de Guadalupe","Av. La Marina 4886","Chorrillos",3350,"Activo"
586,"Colegio César Vallejo","Av. Universitaria 4017","La Molina",700,"Activo"
587,"I.E. Túpac Amaru","Av. Wiesse 798","Barranco",4700,"Activo"
588,"Centro Educativo José Olaya","Av. Aviación 7580","Lurigancho",4800,"Activo"
589,"Colegio María Reiche","Av. Tomás Valle 6103","Villa María del Triunfo",1650,"Activo"
590,"Universidad Túpac Amaru","Av. Wiesse 4670","Surquillo",3450,"Activo"
591,"Universidad Santa Rosa","Av. La Marina 4128","San Borja",3600,"Activo"
592,"Universidad José María Arguedas","Av. Túpac Amaru 8607","Puente Piedra",2900,"Activo"
593,"Universidad José Carlos Mariátegui","Av. La Marina 3006","Puente Piedra",4750,"Activo"
594,"Universidad José Carlos Mariátegui","Av. Abancay 1876","Santa María del Mar",3050,"Activo"
595,"I.E. Ricardo Palma","Av. Túpac Amaru 3201","San Isidro",4450,"Activo"
596,"Centro Educativo José Gálvez","Av. Próceres de la Independencia 9669","Lima",2500,"Activo"
597,"Instituto Miguel Grau","Av. La Marina 9013","Puente Piedra",3650,"Activo"
598,"Colegio José Quiñones","Av. Próceres de la Independencia 2389","Punta Hermosa",1600,"Activo"
599,"Centro Educativo José Carlos Mariátegui","Av. Javier Prado 544","Santiago de Surco",1850,"Activo"
600,"Universidad Santa Rosa","Av. Abancay 5698","Chaclacayo",1700,"Activo"
601,"Colegio Santa Rosa","Av. Aviación 9032","Ancón",3650,"Activo"
602,"I.E. César Vallejo","Av. Aviación 3145","Comas",2250,"Activo"
603,"Universidad Leoncio Prado","Av. Abancay 6249","San Luis",600,"Activo"
604,"Colegio José Olaya","Av. Próceres de la Independencia 4445","Barranco",1200,"Activo"
605,"Universidad Leoncio Prado","Av. Los Próceres 8434","Magdalena del Mar",3350,"Activo"
606,"I.E. Túpac Amaru","Av. Los Alisos 5167","San Luis",3550,"Activo"
607,"I.E. Abraham Valdelomar","Av. Arequipa 542","Lince",850,"Activo"
608,"Centro Educativo Miguel Grau","Av. Tomás Valle 3312","La Victoria",1350,"Activo"
609,"Instituto Víctor Raúl Haya de la Torre","Av. Abancay 5416","Ate",2650,"Activo"
610,"Centro Educativo Alfonso Ugarte","Av. Javier Prado 9036","Jesús María",2750,"Activo"
611,"Instituto María Reiche","Av. Próceres de la Independencia 5644","San Luis",1000,"Activo"
612,"I.E. Leoncio Prado","Av. Los Próceres 7638","Comas",2600,"Activo"
613,"I.E. José Quiñones","Av. Los Próceres 7744","Pueblo Libre",1450,"Activo"
614,"Instituto Ricardo Palma","Av. Túpac Amaru 6807","La Molina",3300,"Activo"
615,"I.E. José Olaya","Av. Túpac Amaru 2686","Santa María del Mar",950,"Activo"
616,"Centro Educativo José Faustino Sánchez Carrión","Av. Aviación 5525","San Juan de Miraflores",4600,"Activo"
617,"Colegio José Faustino Sánchez Carrión","Av. Universitaria 8509","Santiago de Surco",4200,"Activo"
618,"Centro Educativo Ricardo Palma","Av. Angamos 9822","San Bartolo",1850,"Activo"
619,"Instituto José Faustino Sánchez Carrión","Av. Javier Prado 5699","San Martín de Porres",2100,"Activo"
620,"Instituto Leoncio Prado","Av. Túpac Amaru 6957","Independencia",2450,"Activo"
621,"Colegio Santa Rosa","Av. Brasil 9978","Rímac",950,"Activo"
622,"Universidad Santa Rosa","Av. Próceres de la Independencia 2047","El Agustino",3550,"Activo"
623,"Universidad Víctor Raúl Haya de la Torre","Av. Wiesse 630","Lima",4150,"Activo"
624,"Instituto María Reiche","Av. Wiesse 2006","Ancón",1050,"Activo"
625,"Universidad Andrés Avelino Cáceres","Av. Abancay 8921","Lurín",4100,"Activo"
626,"Colegio Alfonso Ugarte","Av. Los Alisos 8521","La Molina",1550,"Activo"
627,"Instituto Ricardo Palma","Av. Próceres de la Independencia 1337","Puente Piedra",4950,"Activo"
628,"Colegio Santa Rosa","Av. Los Alisos 4727","Chorrillos",2550,"Inactivo"
629,"Instituto Daniel Alcides Carrión","Av. Abancay 3651","San Luis",4150,"Activo"
630,"Colegio Daniel Alcides Carrión","Av. Arequipa 9791","Punta Negra",4950,"Activo"
631,"Colegio Túpac Amaru","Av. Los Próceres 2562","Ancón",4800,"Activo"
632,"I.E. Alfonso Ugarte","Av. Brasil 5869","Villa El Salvador",600,"Activo"
633,"Centro Educativo San Martín","Av. Wiesse 3397","San Borja",3700,"Activo"
634,"Universidad Santa Rosa","Av. Abancay 6065","La Victoria",2500,"Activo"
635,"Instituto Leoncio Prado","Av. Angamos 2701","Rímac",2750,"Activo"
636,"Centro Educativo José María Arguedas","Av. Tomás Valle 4885","Puente Piedra",600,"Activo"
637,"Colegio César Vallejo","Av. Próceres de la Independencia 3496","Lurín",1600,"Activo"
638,"Instituto Túpac Amaru","Av. Arequipa 3289","Lurigancho",4650,"Activo"
639,"I.E. Nuestra Señora de Guadalupe","Av. Brasil 2162","Jesús María",500,"Activo"
640,"I.E. Nuestra Señora de Guadalupe","Av. Brasil 7305","Ate",2950,"Activo"
641,"I.E. José Faustino Sánchez Carrión","Av. Abancay 3761","San Bartolo",4250,"Activo"
642,"I.E. Leoncio Prado","Av. Tomás Valle 8303","Lima",4550,"Activo"
643,"Universidad César Vallejo","Av. Universitaria 8366","Chaclacayo",900,"Activo"
644,"Universidad Santa Rosa","Av. Abancay 3612","Los Olivos",3450,"Activo"
645,"Instituto San Martín","Av. Wiesse 9613","Jesús María",4450,"Activo"
646,"Instituto Miguel Grau","Av. Universitaria 9997","San Isidro",500,"Activo"
647,"Colegio Leoncio Prado","Av. Arequipa 5372","Jesús María",2650,"Activo"
648,"I.E. Abraham Valdelomar","Av. Los Alisos 5648","Ate",4450,"Activo"
649,"Universidad Abraham Valdelomar","Av. Los Alisos 4192","San Miguel",3950,"Activo"
650,"Universidad José Olaya","Av. Abancay 7937","El Agustino",1550,"Activo"
651,"Centro Educativo Leoncio Prado","Av. Los Próceres 7301","Chaclacayo",1100,"Activo"
652,"Colegio María Reiche","Av. Angamos 3876","Comas",2700,"Activo"
653,"Colegio Túpac Amaru","Av. Brasil 8803","Lince",950,"Activo"
654,"I.E. San Martín","Av. Javier Prado 9354","Jesús María",1000,"Activo"
655,"Colegio Leoncio Prado","Av. Abancay 3506","Punta Negra",2200,"Activo"
656,"Instituto Ricardo Palma","Av. Universitaria 6934","El Agustino",1550,"Activo"
657,"Universidad Víctor Raúl Haya de la Torre","Av. Brasil 1915","San Martín de Porres",3300,"Activo"
658,"Instituto Túpac Amaru","Av. Próceres de la Independencia 1229","Santa Anita",1600,"Activo"
659,"I.E. José Carlos Mariátegui","Av. Túpac Amaru 8701","Breña",2600,"Activo"
660,"Universidad Santa Rosa","Av. Aviación 544","San Juan de Miraflores",1600,"Activo"
661,"Centro Educativo José Faustino Sánchez Carrión","Av. Tomás Valle 5408","San Luis",500,"Activo"
662,"Universidad César Vallejo","Av. Brasil 2837","San Borja",2300,"Activo"
663,"Centro Educativo Miguel Grau","Av. La Marina 1112","Cieneguilla",1350,"Activo"
664,"Instituto Víctor Raúl Haya de la Torre","Av. Universitaria 5560","Lima",3350,"Inactivo"
665,"Instituto Ricardo Palma","Av. Angamos 4371","Surquillo",950,"Activo"
666,"Colegio José Carlos Mariátegui","Av. Arequipa 1594","San Martín de Porres",3350,"Activo"
667,"Colegio Túpac Amaru","Av. Javier Prado 7477","Chorrillos",2550,"Activo"
668,"Instituto Abraham Valdelomar","Av. Brasil 225","Ate",1400,"Activo"
669,"Instituto Leoncio Prado","Av. Arequipa 5220","Villa El Salvador",4500,"Activo"
670,"I.E. Ricardo Palma","Av. La Marina 6981","Lince",3250,"Activo"
671,"I.E. Daniel Alcides Carrión","Av. Brasil 7721","Santa María del Mar",4750,"Activo"
672,"Instituto Alfonso Ugarte","Av. Los Próceres 5133","Villa María del Triunfo",2800,"Activo"
673,"Centro Educativo Alfonso Ugarte","Av. Universitaria 7819","Ancón",2700,"Activo"
674,"Centro Educativo José Quiñones","Av. Los Alisos 8154","San Bartolo",3150,"Activo"
675,"Universidad San Martín","Av. Aviación 9176","San Miguel",1600,"Activo"
676,"I.E. José María Arguedas","Av. Brasil 9203","Santa Rosa",750,"Activo"
677,"I.E. José Olaya","Av. Arequipa 7396","San Isidro",3650,"Activo"
678,"Universidad Miguel Grau","Av. Arequipa 4436","Lima",4900,"Activo"
679,"Instituto Daniel Alcides Carrión","Av. Abancay 5506","Lurigancho",4050,"Activo"
680,"Centro Educativo Ricardo Palma","Av. Arequipa 3158","Magdalena del Mar",500,"Activo"
681,"Colegio José María Arguedas","Av. Túpac Amaru 5303","San Juan de Lurigancho",2950,"Activo"
682,"Colegio José Quiñones","Av. La Marina 7221","Los Olivos",3550,"Activo"
683,"I.E. Leoncio Prado","Av. Próceres de la Independencia 1850","San Isidro",3150,"Activo"
684,"Instituto María Reiche","Av. Aviación 8447","Punta Hermosa",4200,"Activo"
685,"Centro Educativo Santa Rosa","Av. La Marina 3917","Comas",1800,"Activo"
686,"Colegio Daniel Alcides Carrión","Av. Universitaria 8904","Lima",1500,"Activo"
687,"I.E. Víctor Raúl Haya de la Torre","Av. Túpac Amaru 153","San Bartolo",2650,"Activo"
688,"Centro Educativo José Olaya","Av. Aviación 6843","Villa María del Triunfo",2550,"Activo"
689,"I.E. Nuestra Señora de Guadalupe","Av. Próceres de la Independencia 7229","Comas",1150,"Activo"
690,"Instituto Ricardo Palma","Av. Próceres de la Independencia 7810","Ate",2350,"Activo"
691,"Instituto Nuestra Señora de Guadalupe","Av. Javier Prado 2230","Punta Hermosa",700,"Activo"
692,"Universidad José Carlos Mariátegui","Av. Javier Prado 7962","Lima",4400,"Activo"
693,"Universidad Leoncio Prado","Av. Abancay 5079","Lince",1500,"Activo"
694,"I.E. Leoncio Prado","Av. Abancay 231","San Bartolo",1100,"Activo"
695,"Centro Educativo José Faustino Sánchez Carrión","Av. Los Alisos 3087","Independencia",1300,"Activo"
696,"Instituto Túpac Amaru","Av. Benavides 282","Chorrillos",5000,"Activo"
697,"Centro Educativo Ricardo Palma","Av. Los Próceres 663","San Bartolo",1300,"Activo"
698,"Universidad Leoncio Prado","Av. Javier Prado 1724","Pachacámac",3950,"Activo"
699,"Colegio Andrés Avelino Cáceres","Av. Universitaria 2371","Comas",550,"Activo"
700,"Colegio José Olaya","Av. Universitaria 4348","Carabayllo",2600,"Activo"
701,"Colegio María Reiche","Av. La Marina 4866","Lince",600,"Activo"
702,"Universidad Alfonso Ugarte","Av. Angamos 3558","San Bartolo",4150,"Activo"
703,"Colegio José Faustino Sánchez Carrión","Av. Universitaria 5000","El Agustino",3650,"Activo"
704,"Universidad María Reiche","Av. Universitaria 9157","Chorrillos",4850,"Activo"
705,"Colegio José María Arguedas","Av. Los Próceres 4185","Ancón",4800,"Activo"
706,"I.E. Miguel Grau","Av. Tomás Valle 5202","Pachacámac",2500,"Activo"
707,"Colegio Leoncio Prado","Av. Aviación 5897","Pucusana",2550,"Activo"
708,"Universidad José Faustino Sánchez Carrión","Av. Arequipa 9939","Lince",1450,"Activo"
709,"Universidad José Olaya","Av. Angamos 7926","Comas",3100,"Activo"
710,"Universidad Túpac Amaru","Av. Brasil 2660","Chorrillos",3350,"Activo"
711,"I.E. José Olaya","Av. Wiesse 8965","La Victoria",2850,"Activo"
712,"Colegio José Faustino Sánchez Carrión","Av. Brasil 7358","Lince",500,"Activo"
713,"Colegio José Quiñones","Av. Arequipa 5411","Chaclacayo",3300,"Inactivo"
714,"Instituto Nuestra Señora de Guadalupe","Av. Aviación 1916","Santa Rosa",2550,"Activo"
715,"Centro Educativo Túpac Amaru","Av. Wiesse 2113","Santa Rosa",1700,"Activo"
716,"Colegio Andrés Avelino Cáceres","Av. Arequipa 7708","Ate",800,"Activo"
717,"I.E. Abraham Valdelomar","Av. Universitaria 8359","La Victoria",3750,"Activo"
718,"I.E. José Gálvez","Av. Los Próceres 2573","San Juan de Lurigancho",2750,"Activo"
719,"Centro Educativo Alfonso Ugarte","Av. Benavides 3950","Independencia",3350,"Activo"
720,"I.E. Víctor Raúl Haya de la Torre","Av. Tomás Valle 7382","Lurigancho",1700,"Activo"
721,"Universidad José Olaya","Av. Los Alisos 9453","Santa Anita",1000,"Activo"
722,"I.E. César Vallejo","Av. Abancay 3796","San Martín de Porres",1250,"Activo"
723,"Centro Educativo Víctor Raúl Haya de la Torre","Av. Los Próceres 808","Santa Rosa",1550,"Inactivo"
724,"Instituto San Martín","Av. Javier Prado 4662","San Isidro",4750,"Activo"
725,"I.E. Alfonso Ugarte","Av. La Marina 5099","Lima",4500,"Activo"
726,"I.E. José Faustino Sánchez Carrión","Av. Arequipa 7079","Villa María del Triunfo",1900,"Activo"
727,"I.E. María Reiche","Av. Próceres de la Independencia 8671","Barranco",850,"Activo"
728,"I.E. Santa Rosa","Av. Benavides 1963","Puente Piedra",4950,"Activo"
729,"Instituto José Olaya","Av. Túpac Amaru 4007","Lurín",3550,"Activo"
730,"Universidad José Carlos Mariátegui","Av. Próceres de la Independencia 9698","San Bartolo",5000,"Activo"
731,"I.E. Nuestra Señora de Guadalupe","Av. Próceres de la Independencia 794","Magdalena del Mar",3100,"Activo"
732,"Colegio José Olaya","Av. Tomás Valle 5581","San Isidro",2000,"Activo"
733,"I.E. Nuestra Señora de Guadalupe","Av. Angamos 1975","Santa María del Mar",2700,"Activo"
734,"I.E. José Olaya","Av. Angamos 967","Chaclacayo",1450,"Activo"
735,"Centro Educativo Abraham Valdelomar","Av. Angamos 3428","Chaclacayo",3550,"Activo"
736,"I.E. Daniel Alcides Carrión","Av. Los Próceres 2965","Lurín",2450,"Activo"
737,"Instituto Ricardo Palma","Av. Túpac Amaru 502","Chorrillos",5000,"Activo"
738,"I.E. Ricardo Palma","Av. Benavides 723","Villa El Salvador",4100,"Activo"
739,"Colegio José Carlos Mariátegui","Av. Javier Prado 9808","Magdalena del Mar",1600,"Activo"
740,"Centro Educativo Andrés Avelino Cáceres","Av. Los Alisos 4701","Lurín",900,"Activo"
741,"I.E. Ricardo Palma","Av. Los Alisos 8240","Comas",4800,"Activo"
742,"I.E. Víctor Raúl Haya de la Torre","Av. Arequipa 8685","San Luis",3950,"Activo"
743,"Instituto Túpac Amaru","Av. La Marina 2082","Breña",1800,"Activo"
744,"Colegio Túpac Amaru","Av. Abancay 978","La Victoria",2550,"Activo"
745,"Colegio Abraham Valdelomar","Av. Túpac Amaru 6004","Villa María del Triunfo",3000,"Activo"
746,"Colegio Túpac Amaru","Av. Aviación 2888","Santa Anita",2450,"Activo"
747,"Instituto Miguel Grau","Av. Arequipa 7498","El Agustino",2300,"Inactivo"
748,"Colegio Daniel Alcides Carrión","Av. Angamos 4030","Independencia",4300,"Activo"
749,"Instituto César Vallejo","Av. La Marina 5098","Jesús María",3350,"Activo"
750,"Instituto José Carlos Mariátegui","Av. Tomás Valle 4721","Lurigancho",1000,"Activo"
751,"Centro Educativo José María Arguedas","Av. Universitaria 2550","Villa María del Triunfo",1050,"Activo"
752,"Instituto Túpac Amaru","Av. Angamos 107","Breña",2000,"Activo"
753,"Instituto Ricardo Palma","Av. La Marina 3651","San Martín de Porres",3700,"Activo"
754,"Colegio Nuestra Señora de Guadalupe","Av. Aviación 7791","San Luis",1650,"Activo"
755,"Colegio José Faustino Sánchez Carrión","Av. Brasil 7384","Puente Piedra",4650,"Activo"
756,"Colegio Daniel Alcides Carrión","Av. Universitaria 7350","San Juan de Miraflores",3050,"Activo"
757,"Colegio José Quiñones","Av. Angamos 5611","San Juan de Lurigancho",1300,"Activo"
758,"Colegio Víctor Raúl Haya de la Torre","Av. Arequipa 2269","Independencia",4750,"Activo"
759,"Universidad César Vallejo","Av. Wiesse 968","Pueblo Libre",2700,"Activo"
760,"Instituto Abraham Valdelomar","Av. Benavides 8659","Cieneguilla",2750,"Activo"
761,"Centro Educativo San Martín","Av. Arequipa 5339","San Luis",1350,"Activo"
762,"Instituto Nuestra Señora de Guadalupe","Av. Brasil 3312","Cieneguilla",3900,"Inactivo"
763,"Centro Educativo Nuestra Señora de Guadalupe","Av. Próceres de la Independencia 4446","San Luis",2700,"Activo"
764,"Instituto José María Arguedas","Av. Arequipa 8341","Lurín",1050,"Activo"
765,"Centro Educativo José María Arguedas","Av. Tomás Valle 715","Los Olivos",2850,"Inactivo"
766,"Universidad José Gálvez","Av. Brasil 2018","Miraflores",1300,"Activo"
767,"Centro Educativo María Reiche","Av. Tomás Valle 9755","Santa Anita",4050,"Activo"
768,"I.E. Abraham Valdelomar","Av. Brasil 3739","Chaclacayo",3750,"Activo"
769,"Universidad Santa Rosa","Av. Aviación 9119","Lurigancho",2600,"Activo"
770,"Instituto Ricardo Palma","Av. Próceres de la Independencia 227","Ancón",4450,"Activo"
771,"Colegio Alfonso Ugarte","Av. Aviación 3508","Independencia",1550,"Activo"
772,"Centro Educativo Andrés Avelino Cáceres","Av. La Marina 5730","El Agustino",3200,"Activo"
773,"I.E. Abraham Valdelomar","Av. Brasil 1330","Breña",1550,"Activo"
774,"Centro Educativo Abraham Valdelomar","Av. Arequipa 2891","Jesús María",600,"Activo"
775,"I.E. Túpac Amaru","Av. Aviación 9686","Barranco",1150,"Activo"
776,"Instituto Daniel Alcides Carrión","Av. Brasil 807","San Juan de Lurigancho",1950,"Activo"
777,"Universidad Andrés Avelino Cáceres","Av. Arequipa 464","Miraflores",1250,"Activo"
778,"I.E. José Gálvez","Av. Túpac Amaru 7864","El Agustino",1450,"Activo"
779,"Centro Educativo María Reiche","Av. Tomás Valle 5157","Santiago de Surco",4800,"Activo"
780,"Colegio César Vallejo","Av. Brasil 8687","Barranco",2750,"Activo"
781,"Centro Educativo Santa Rosa","Av. Universitaria 3427","Villa María del Triunfo",1250,"Activo"
782,"Instituto María Reiche","Av. Universitaria 5286","San Juan de Miraflores",3100,"Activo"
783,"Universidad José Carlos Mariátegui","Av. Angamos 6115","Cieneguilla",2500,"Activo"
784,"Instituto Ricardo Palma","Av. Los Próceres 6575","El Agustino",2400,"Activo"
785,"Instituto Alfonso Ugarte","Av. Universitaria 2744","Cieneguilla",1100,"Activo"
786,"Universidad José María Arguedas","Av. Próceres de la Independencia 2422","Pueblo Libre",3550,"Activo"
787,"Colegio Miguel Grau","Av. La Marina 5434","Barranco",4150,"Activo"
788,"Universidad José Gálvez","Av. Brasil 7308","Punta Hermosa",4800,"Activo"
789,"Colegio Víctor Raúl Haya de la Torre","Av. Tomás Valle 8724","San Bartolo",3550,"Activo"
790,"I.E. San Martín","Av. Aviación 4912","Ancón",4600,"Activo"
791,"Colegio Túpac Amaru","Av. Túpac Amaru 7490","Lurín",1950,"Activo"
792,"Colegio José Carlos Mariátegui","Av. Javier Prado 173","Santa María del Mar",800,"Activo"
793,"Universidad César Vallejo","Av. Tomás Valle 8522","Chaclacayo",1000,"Activo"
794,"Centro Educativo Víctor Raúl Haya de la Torre","Av. Los Alisos 1883","Pachacámac",3650,"Activo"
795,"I.E. Ricardo Palma","Av. Tomás Valle 9833","Pachacámac",4200,"Activo"
796,"Universidad José Olaya","Av. La Marina 2934","Magdalena del Mar",3050,"Activo"
797,"Universidad José Gálvez","Av. Arequipa 7192","Santa Anita",900,"Activo"
798,"Universidad Andrés Avelino Cáceres","Av. La Marina 9871","San Martín de Porres",3400,"Activo"
799,"Instituto Miguel Grau","Av. Tomás Valle 3123","La Victoria",850,"Activo"
800,"Universidad José Faustino Sánchez Carrión","Av. Wiesse 2981","La Victoria",1250,"Activo"
